,x,r,Mach Number,Stagnation Temperature (K),Stagnation Pressure (kPa),Static Temperature (K),Heat Transfer Coefficient,Heat Flux (kJ/m2s),Viscosity (Pa s),Thermal Conductivity (W/m K),Density (kg/m3),Velocity (m/s),Reynold's Number,Skin Friction Coefficient
0,0.0,2.0,0.09000022611348502,3284.88850261732,1516.8424994480022,3283.988566890452,7259.098820222458,2.193475244686375,6.79779016595073e-05,0.1621084682757933,0.19144134889174383,50.11382518021119,1.0,0.0576
1,0.014999999999999703,2.0,0.09000036046759649,3284.887904523215,1516.8401162168998,3283.987967468954,7259.089184537992,2.193471804744933,6.797789487724987e-05,0.16210844506748068,0.1914413139482376,50.11389541750895,53.771363492690455,0.02596045342630058
2,0.0300000000000005,2.0,0.09000047976951876,3284.8873064299464,1516.837984555022,3283.9873683493715,7259.080511950446,2.1934686558667478,6.797788809069929e-05,0.16210842184447782,0.19144127902233166,50.11395727575466,107.54285084784183,0.022599882147803053
3,0.045000000000000207,2.0,0.09000059047421734,3284.8867083374753,1516.8359965809527,3283.9867694025443,7259.07238945129,2.1934656732347535,6.797788130170004e-05,0.16210839861309656,0.1914412441064966,50.114014348210794,161.31444667449588,0.020839525724320525
4,0.05999999999999991,2.0,0.09000069523193407,3284.8861102457745,1516.8341080012326,3283.986170575433,7259.064647469397,2.193462805602108,6.79778745110093e-05,0.16210837537592784,0.19144120919764038,50.114068110178145,215.08614190773116,0.01967433208078205
5,0.0750000000000007,2.0,0.09000079548703843,3284.885512154822,1516.8322946760684,3283.9855718391254,7259.05719358905,2.19346002503943,6.79778677190397e-05,0.1621083521343836,0.1914411742940776,50.114119365688836,268.8579302106892,0.01881559312842807
6,0.08999999999999986,2.0,0.09000089214451822,3284.884914064601,1516.8305414803324,3283.984973175503,7259.049969905896,2.1934573140471683,6.797786092604975e-05,0.16210832888934845,0.19144113939475202,50.11416861851934,322.6298067629272,0.018141850585647518
7,0.10500000000000066,2.0,0.0900009858219479,3284.8843159750973,1516.828838092433,3283.9843745721982,7259.042936905216,2.193454660683383,6.79778541322157e-05,0.1621083056414257,0.1914411044989427,50.114216212452746,376.4017677036184,0.017591065777733738
8,0.12000000000000036,2.0,0.09000107696605274,3284.8837178862977,1516.8271770461852,3283.9837760202636,7259.036066003807,2.1934520563097974,6.797784733766515e-05,0.16210828239105193,0.19144106960612797,50.114262396166104,430.1738098304203,0.01712748872363278
9,0.13500000000000006,2.0,0.09000116591400649,3284.8831197981917,1516.8255527063407,3283.9831775129446,7259.029335627938,2.193449494406501,6.797784054249444e-05,0.1621082591385565,0.1914410347159142,50.11430735735283,483.94593041895695,0.016728735517597015
10,0.15000000000000085,2.0,0.090001252928697,3284.882521710769,1516.8239606791976,3283.982579044973,7259.022728956968,2.193446969890032,6.797783374677852e-05,0.16210823588419618,0.1914409998279942,50.11435124235385,537.718127106378,0.016379911387166185
11,0.16500000000000056,2.0,0.09000133822041995,3284.881923624022,1516.822397450031,3283.981980612135,7259.016232535283,2.1934444786938974,6.797782695057742e-05,0.16210821262817618,0.19144096494212226,50.11439416823378,591.4903978121056,0.0160706315315847
12,0.17999999999999972,2.0,0.09000142196093705,3284.8813255379423,1516.8208601481379,3283.981382210987,7259.009835372813,2.193442017496722,6.797782015394017e-05,0.16210818937066446,0.19144093005809773,50.11443623060669,645.2627406815998,0.015793382938538065
13,0.1950000000000005,2.0,0.09000150429297402,3284.880727452523,1516.8193463880978,3283.9807838386664,7259.003528337331,2.193439583538601,6.797781335690745e-05,0.16210816611180026,0.1914408951757537,50.11447750892325,699.0351540450655,0.015542564563129732
14,0.21000000000000021,2.0,0.09000158533686116,3284.880129367757,1516.8178541587881,3283.9801854927614,7258.997303729546,2.193437174492685,6.79778065595136e-05,0.16210814285170091,0.19144086029494956,50.11451807016736,752.8076363862733,0.015313895536999734
15,0.22499999999999992,2.0,0.09000166519531111,3284.879531283639,1516.8163817435334,3283.979587171211,7258.99115497742,2.193434788372797,6.79777997617879e-05,0.16210811959046678,0.19144082541556517,50.114557971515744,806.5801863185326,0.015104034660098154
16,0.2400000000000007,2.0,0.09000174395694081,3284.8789332001634,1516.8149276612412,3283.978988872237,7258.985076410806,2.1934324234653237,6.797779296375564e-05,0.16210809632818432,0.19144079053749694,50.114597262298545,860.3528025657401,0.014910326991695715
17,0.25500000000000045,2.0,0.09000182169892287,3284.8783351173242,1516.8134906220923,3283.9783905942913,7258.979063091822,2.193430078277955,6.797778616543882e-05,0.16210807306492875,0.19144075566065455,50.11463598547521,914.1254839472114,0.014730629965887063
18,0.2699999999999996,2.0,0.09000189848901805,3284.877737035117,1516.8120694935683,3283.9777923360134,7258.97311068478,2.1934277515003737,6.797777936685674e-05,0.16210804980076607,0.19144072078495863,50.11467417876592,967.8982293653797,0.014563190963571887
19,0.28500000000000036,2.0,0.09000197438715851,3284.8771389535377,1516.8106632739928,3283.9771940962005,7258.967215354922,2.1934254419736505,6.797777256802647e-05,0.1621080265357549,0.1914406859103392,50.11471187553296,1021.6710377956715,0.014406559159718899
20,0.3000000000000001,2.0,0.09000204944669876,3284.8765408725817,1516.809271071623,3283.9765958737808,7258.9613736883375,2.1934231486660427,6.797776576896319e-05,0.16210800326994723,0.1914406510367337,50.11474910547701,1075.4439082780418,0.014259520787402188
21,0.3150000000000009,2.0,0.09000212371541648,3284.8759427922446,1516.8078920879243,3283.9759976677947,7258.955582627947,2.193420870653648,6.797775896968066e-05,0.1621079800033897,0.1914406161640862,50.11478589519435,1129.2168399099382,0.014121050761336776
22,0.33000000000000057,2.0,0.09000219723632247,3284.875344712523,1516.8065256040313,3283.9753994773782,7258.94983942169,2.193418607104745,6.797775217019094e-05,0.16210795673612402,0.19144058129234634,50.114822268627684,1182.9898318402522,0.01399027595942547
23,0.3450000000000003,2.0,0.09000227004832276,3284.8747466334135,1516.8051709696829,3283.9748013017497,7258.944141580133,2.1934163572669836,6.797774537050518e-05,0.16210793346818822,0.19144054642146854,50.11485824743473,1236.7628832642138,0.013866446960581473
24,0.36000000000000054,2.0,0.09000234218676509,3284.8741485549117,1516.8038275940899,3283.974203140199,7258.938486841531,2.1934141204568234,6.797773857063347e-05,0.1621079101996169,0.1914405115514114,50.11489385129242,1290.535993418961,0.013748916015038182
25,0.3750000000000002,2.0,0.09000241368389356,3284.8735504770148,1516.8024949383341,3283.973604992077,7258.932873142701,2.1934118960507343,6.797773177058502e-05,0.1621078869304411,0.1914404766821371,50.11492909815,1344.3091615796952,0.013637119674919027
26,0.38999999999999996,2.0,0.09000248456922995,3284.87295239972,1516.8011725089975,3283.973006856791,7258.927298594683,2.1934096834778374,6.79777249703681e-05,0.16210786366068977,0.1914404418136111,50.114964004441276,1398.0823870563506,0.013530564955462744
27,0.40500000000000075,2.0,0.09000255486989586,3284.8723543230235,1516.7998598527768,3283.9724087337954,7258.921761462066,2.19340748221366,6.797771816999055e-05,0.1621078403903895,0.19144040694580156,50.114998585263976,1451.8556691906647,0.013428818203333118
28,0.42000000000000043,2.0,0.09000262461088651,3284.8717562469233,1516.7985565519082,3283.971810622587,7258.916260145496,2.1934052917748477,6.797771136945948e-05,0.16210781711956443,0.19144037207867917,50.11503285453209,1505.6290073535636,0.013331496063465587
29,0.43500000000000016,2.0,0.09000269381530494,3284.871158171416,1516.7972622202515,3283.971212522701,7258.910793166705,2.193403111714639,6.79777045687813e-05,0.162107793848237,0.19144033721221682,50.11506682510636,1559.4024009429115,0.013238258089221798
30,0.4500000000000004,2.0,0.09000276250456357,3284.870560096499,1516.7959764999237,3283.970614433707,7258.905359155581,2.193400941618962,6.797769776796238e-05,0.1621077705764282,0.19144030234638942,50.115100508906394,1613.1758493814486,0.013148800651434204
31,0.4650000000000001,2.0,0.09000283069855836,3284.86996202217,1516.794699058387,3283.9700163552043,7258.899956839055,2.1933987811030695,6.79776909670081e-05,0.16210774730415725,0.19144026748117363,50.11513391700762,1666.9493521149634,0.013062851883015895
32,0.48000000000000087,2.0,0.0900028984158202,3284.8693639484263,1516.7934295859188,3283.9694182868197,7258.894585031405,2.193396629808614,6.797768416592395e-05,0.16210772403144252,0.19144023261654766,50.11516705972558,1720.722908610683,0.012980167455846318
33,0.4950000000000006,2.0,0.09000296567364706,3284.8687658752656,1516.7921677934019,3283.9688202282055,7258.889242625771,2.193394487401082,6.797767736471471e-05,0.16210770075830022,0.19144019775249124,50.115199946689515,1774.4965183557717,0.012900527031568151
34,0.5100000000000003,2.0,0.09000303248821986,3284.8681678026855,1516.7909134103895,3283.968222179035,7258.8839285868125,2.193392353567573,6.797767056338505e-05,0.1621076774847467,0.19144016288898535,50.1152325869068,1828.2701808560303,0.012823731261883981
35,0.5250000000000006,2.0,0.09000309887470441,3284.867569730684,1516.789666183402,3283.9676241390025,7258.8786419441,2.193390228014802,6.79776637619392e-05,0.16210765421079626,0.19144012802601224,50.11526498881976,1882.0438956346838,0.012749599239844147
36,0.5400000000000003,2.0,0.09000316484734144,3284.866971659259,1516.7884258744193,3283.9670261078218,7258.87338178642,2.193388110467385,6.797765696038125e-05,0.16210763093646302,0.19144009316355506,50.11529716035576,1935.8176622312742,0.012677966323549606
37,0.5549999999999999,2.0,0.09000323041952657,3284.8663735884084,1516.7871922595468,3283.9664280852226,7258.8681472566195,2.1933860006662704,6.797765015871512e-05,0.16210760766176,0.1914400583015982,50.11532910897171,1989.5914802006826,0.012608682269158324
38,0.5700000000000007,2.0,0.09000329560388132,3284.86577551813,1516.7859651278288,3283.9658300709502,7258.86293754709,2.193383898367385,6.797764335694419e-05,0.1621075843866993,0.19144002344012673,50.115360841693594,2043.3653491122163,0.012541609622174115
39,0.5850000000000004,2.0,0.09000336041231648,3284.8651774484215,1516.784744280187,3283.9652320647647,7258.857751895684,2.1933818033403907,6.797763655507198e-05,0.16210756111129265,0.19143998857912672,50.11539236515178,2097.1392685487535,0.012476622325517628
40,0.6000000000000002,2.0,0.09000342485608893,3284.8645793792816,1516.783529528473,3283.964634066439,7258.852589582106,2.193379715367601,6.797762975310161e-05,0.16210753783555076,0.19143995371858483,50.11542368561261,2150.913238106008,0.012413604510427423
41,0.6150000000000004,2.0,0.09000348894585262,3284.8639813107084,1516.7823206946164,3283.9640360757585,7258.847449924644,2.193377634242986,6.797762295103618e-05,0.16210751455948436,0.19143991885848866,50.115454809006806,2204.687257391811,0.012352449442262582
42,0.6300000000000001,2.0,0.09000355269170436,3284.8633832427,1516.781117609857,3283.963438092519,7258.84233227722,2.19337555977129,6.797761614887845e-05,0.16210749128310287,0.19143988399882622,50.11548574095492,2258.4613260254528,0.012293058598113577
43,0.6449999999999998,2.0,0.09000361610322526,3284.8627851752544,1516.7799201140547,3283.9628401165273,7258.837236026762,2.1933734917672276,6.79776093466313e-05,0.16210746800641584,0.19143984913958634,50.11551648679046,2312.2354436371033,0.012235340857032522
44,0.6600000000000006,2.0,0.09000367918951817,3284.86218710837,1516.7787280550624,3283.9622421475997,7258.832160590793,2.1933714300547624,6.797760254429717e-05,0.16210744472943184,0.19143981428075832,50.11554705158071,2366.0096098672366,0.012179211786863835
45,0.6750000000000003,2.0,0.09000374195924168,3284.8615890420456,1516.7775412881595,3283.9616441855615,7258.827105415285,2.193369374466456,6.797759574187852e-05,0.16210742145215964,0.19143977942233184,50.11557744014563,2419.7838243661217,0.012124593014243033
46,0.6900000000000006,2.0,0.09000380442064092,3284.860990976279,1516.7763596755349,3283.961046230246,7258.822069972633,2.1933673248428556,6.797758893937782e-05,0.1621073981746071,0.19143974456429733,50.115607657074996,2473.5580867933545,0.012071411666452876
47,0.7050000000000003,2.0,0.09000386658157568,3284.860392911069,1516.7751830858174,3283.9604482814952,7258.817053759908,2.1933652810319617,6.797758213679714e-05,0.1621073748967817,0.19143970970664542,50.115637706744124,2527.3323968173995,0.012019599875574244
48,0.72,2.0,0.09000392844954609,3284.859794846414,1516.774011393648,3283.9598503391567,7258.812056297194,2.1933632428887377,6.797757533413872e-05,0.16210735161869086,0.19143967484936739,50.1156675933281,2581.1067541151856,0.011969094336815821
49,0.7350000000000008,2.0,0.09000399003171607,3284.8591967823127,1516.7728444792867,3283.959252403086,7258.807077126083,2.193361210274639,6.797756853140459e-05,0.16210732834034167,0.19143963999245467,50.11569732081484,2634.881158371708,0.01191983591410945
50,0.7500000000000004,2.0,0.09000405133493476,3284.8585987187635,1516.7716822282546,3283.9586544731446,7258.802115808306,2.1933591830572112,6.797756172859657e-05,0.16210730506174034,0.19143960513589928,50.11572689301706,2688.655609279663,0.01187176928706165
51,0.7650000000000002,2.0,0.09000411236575637,3284.8580006557645,1516.7705245310028,3283.9580565492,7258.797171924472,2.193357161109708,6.797755492571666e-05,0.16210728178289358,0.1914395702796935,50.11575631358327,2742.430106539139,0.01182484263419296
52,0.7800000000000005,2.0,0.09000417313045812,3284.857402593315,1516.7693712826106,3283.9574586311255,7258.792245072917,2.193355144310734,6.79775481227665e-05,0.1621072585038075,0.19143953542382994,50.11578558600782,2796.204649857263,0.011779007348104154
53,0.7950000000000002,2.0,0.09000423363505716,3284.856804531413,1516.7682223825059,3283.956860718799,7258.787334868597,2.1933531325439217,6.797754131974791e-05,0.16210723522448753,0.19143950056830145,50.11581471364023,2849.9792389479103,0.011734217778805303
54,0.8099999999999998,2.0,0.09000429388532576,3284.856206470058,1516.767077734208,3283.956262812104,7258.782440942162,2.1933511256976446,6.797753451666252e-05,0.16210721194493974,0.19143946571310125,50.115843699693784,2903.75387353145,0.0116904310019495
55,0.8250000000000006,2.0,0.09000435388680564,3284.8556084092484,1516.7659372450896,3283.955664910928,7258.777562939006,2.193349123664733,6.797752771351181e-05,0.16210718866516932,0.1914394308582228,50.115872547253375,2957.5285533344436,0.01164760660914284
56,0.8400000000000003,2.0,0.09000441364482116,3284.8550103489824,1516.7648008261576,3283.9550670151643,7258.772700518426,2.193347126342218,6.797752091029736e-05,0.16210716538518144,0.1914393960036598,50.115901259282886,3011.3032780894237,0.011605706517868344
57,0.8550000000000005,2.0,0.09000447316449141,3284.8544122892595,1516.7636683918486,3283.9544691247083,7258.7678533528515,2.1933451336311003,6.797751410702062e-05,0.1621071421049809,0.19143936114940624,50.11592983863197,3065.078047534654,0.011564694798875126
58,0.8700000000000003,2.0,0.09000453245074158,3284.8538142300777,1516.7625398598404,3283.9538712394606,7258.763021127133,2.193343145436135,6.797750730368291e-05,0.16210711882457265,0.19143932629545632,50.11595828804233,3118.852861413899,0.011524537519152488
59,0.885,2.0,0.09000459150831347,3284.8532161714365,1516.7614151508762,3283.953273359325,7258.758203537841,2.193341161665618,6.797750050028575e-05,0.16210709554396138,0.1914392914418044,50.11598661015356,3172.627719476228,0.011485202598839808
60,0.9000000000000008,2.0,0.09000465034177521,3284.8526181133343,1516.7602941886012,3283.9526754842095,7258.753400292664,2.193339182231205,6.797749369683017e-05,0.16210707226315124,0.19143925658844513,50.116014807508634,3226.402621475817,0.011446659680622296
61,0.9150000000000005,2.0,0.09000470895553044,3284.85202005577,1516.7591768994107,3283.9520776140243,7258.748611109814,2.1933372070477346,6.797748689331763e-05,0.16210704898214665,0.19143922173537328,50.11604288255887,3280.177567171731,0.011408880010335081
62,0.9300000000000002,2.0,0.09000476735382668,3284.851421998743,1516.7580632123088,3283.951479748683,7258.7438357175,2.1933352360330622,6.797748008974922e-05,0.16210702570095165,0.19143918688258382,50.11607083766877,3333.952556327805,0.011371836327647222
63,0.9450000000000004,2.0,0.09000482554076336,3284.8508239422513,1516.756953058775,3283.9508818881036,7258.7390738534,2.1933332691079097,6.797747328612615e-05,0.16210700241957032,0.1914391520300719,50.116098675120355,3387.727588712432,0.011335502765827375
64,0.9600000000000002,2.0,0.09000488352029916,3284.8502258862945,1516.7558463726418,3283.950284032205,7258.734325264197,2.193331306195718,6.797746648244961e-05,0.16210697913800654,0.19143911717783293,50.11612639711728,3441.5026640984015,0.01129985475970554
65,0.9749999999999999,2.0,0.09000494129625891,3284.849627830871,1516.7547430899779,3283.9496861809102,7258.729589705136,2.193329347222517,6.79774596787205e-05,0.16210695585626364,0.1914390823258623,50.11615400578873,3495.277782262771,0.011264868961044214
66,0.9900000000000007,2.0,0.0900049988723401,3284.849029775981,1516.7536431489802,3283.949088334144,7258.724866939627,2.1933273921168017,6.797745287494e-05,0.16210693257434558,0.19143904747415563,50.116181503192976,3549.0529429867324,0.011230523160618608
67,1.0050000000000003,2.0,0.09000505625211902,3284.8484317216216,1516.7525464898733,3283.9484904918336,7258.720156738821,2.193325440809409,6.797744607110908e-05,0.16210690929225563,0.19143901262270874,50.116208891320824,3602.82814605542,0.011196796216381297
68,1.02,2.0,0.0900051134390563,3284.847833667793,1516.7514530548128,3283.947892653909,7258.715458881261,2.193323493233409,6.797743926722866e-05,0.16210688600999715,0.19143897777151753,50.1162361720987,3656.6033912578337,0.011163667987153151
69,1.0350000000000004,2.0,0.09000517043650241,3284.8472356144944,1516.7503627877961,3283.9472948203024,7258.710773152565,2.1933215493240095,6.79774324632998e-05,0.16210686272757355,0.19143894292057803,50.11626334739172,3710.3786783867,0.011131119271341076
70,1.05,2.0,0.09000522724770264,3284.846637561724,1516.7492756345794,3283.9466969909477,7258.706099345058,2.1933196090184466,6.79774256593234e-05,0.16210683944498777,0.1914389080698864,50.11629041900643,3764.154007238334,0.011099131750234737
71,1.0650000000000002,2.0,0.09000528387580184,3284.846039509481,1516.7481915425967,3283.946099165781,7258.701437257502,2.193317672255901,6.797741885530022e-05,0.16210681616224287,0.19143887321943892,50.11631738869347,3817.9293776125623,0.011067687935480049
72,1.0800000000000005,2.0,0.09000534032384884,3284.845441457765,1516.7471104608876,3283.9455013447405,7258.6967866948,2.193315738977407,6.79774120512313e-05,0.162106792879342,0.19143883836923192,50.11634425815003,3871.7047893125787,0.011036771120367795
73,1.0950000000000002,2.0,0.09000539659480072,3284.844843406575,1516.7460323400246,3283.9449035277657,7258.692147467726,2.193313809125779,6.797740524711737e-05,0.16210676959628767,0.19143880351926196,50.11637102902224,3925.48024214485,0.01100636533461148
74,1.1099999999999999,2.0,0.09000545269152674,3284.8442453559096,1516.7449571320485,3283.9443057147987,7258.687519392683,2.193311882645527,6.797739844295921e-05,0.162106746313083,0.19143876866952572,50.1163977029073,3979.255735919049,0.010976455302320451
75,1.1250000000000002,2.0,0.09000550861681207,3284.843647305768,1516.7438847904052,3283.943707905783,7258.682902291434,2.1933099594827836,6.797739163875768e-05,0.16210672302973034,0.19143873382001975,50.116424281355656,4033.031270447909,0.010947026402902795
76,1.1400000000000003,2.0,0.09000556437336135,3284.8430492561497,1516.7428152698867,3283.9431101006635,7258.678295990917,2.1933080395852445,6.79773848345135e-05,0.16210669974623265,0.1914386989707409,50.116450765872884,4086.8068455471735,0.010918064634657583
77,1.155,2.0,0.09000561996380203,3284.8424512070533,1516.7417485265755,3283.9425122993866,7258.673700322987,2.1933061229020923,6.797737803022746e-05,0.1621066764625921,0.19143866412168614,50.11647715792162,4140.582461035491,0.01088955658083889
78,1.1700000000000004,2.0,0.09000567539068753,3284.8418531584784,1516.7406845177914,3283.9419145019006,7258.669115124267,2.19330420938395,6.797737122590015e-05,0.16210665317881143,0.1914386292728523,50.116503458923276,4194.358116734335,0.010861489377994006
79,1.185,2.0,0.09000573065650024,3284.841255110424,1516.739623202041,3283.941316708155,7258.664540235887,2.193302298982802,6.797736442153246e-05,0.16210662989489294,0.19143859442423652,50.11652967025969,4248.133812467921,0.01083385068639648
80,1.2000000000000004,2.0,0.09000578576365433,3284.840657062889,1516.7385645389716,3283.9407189181006,7258.659975503386,2.1933003916519676,6.797735761712498e-05,0.16210660661083917,0.19143855957583594,50.11655579327479,4301.909548063145,0.010806628662410785
81,1.215,2.0,0.09000584071449848,3284.840059015873,1516.7375084893245,3283.94012113169,7258.655420776439,2.193298487346013,6.797735081267834e-05,0.16210658332665193,0.19143852472764777,50.116581829276015,4355.685323349494,0.01077981193264005
82,1.2300000000000002,2.0,0.09000589551131842,3284.839460969375,1516.7364550148936,3283.9395233488763,7258.650875908799,2.1932965860207383,6.797734400819322e-05,0.16210656004233376,0.19143848987966924,50.11660777953575,4409.461138158976,0.010753389569721324
83,1.2450000000000006,2.0,0.09000595015633936,3284.8388629233946,1516.7354040784844,3283.938925569614,7258.646340758067,2.1932946876331068,6.797733720367026e-05,0.16210653675788675,0.1914384550318978,50.116633645292715,4463.23699232606,0.010727351069644725
84,1.2600000000000002,2.0,0.09000600465172828,3284.83826487793,1516.7343556438761,3283.9383277938596,7258.64181518558,2.193292792141211,6.797733039910997e-05,0.1621065134733129,0.19143842018433083,50.11665942775318,4517.0128856876145,0.01070168633048344
85,1.275,2.0,0.09000605899959613,3284.8376668329815,1516.7333096757834,3283.9377300215697,7258.637299056247,2.193290899504223,6.79773235945131e-05,0.16210649018861445,0.19143838533696578,50.116685128092264,4570.7888180828295,0.010676385632431194
86,1.2900000000000003,2.0,0.09000611320199989,3284.837068788548,1516.7322661398234,3283.9371322527027,7258.6327922384435,2.1932890096823607,6.797731678988014e-05,0.16210646690379313,0.19143835048980032,50.11671074745503,4624.564789353171,0.010651439619052447
87,1.3050000000000004,2.0,0.09000616726094458,3284.8364707446285,1516.7312250024818,3283.936534487217,7258.628294603866,2.193287122636849,6.797730998521167e-05,0.16210644361885118,0.19143831564283195,50.11673628695761,4678.340799342316,0.010626839279658526
88,1.32,2.0,0.09000622117838518,3284.8358727012223,1516.730186231081,3283.9359367250736,7258.623806027401,2.193285238329873,6.797730318050826e-05,0.16210642033379,0.1914382807960584,50.11676174768826,4732.116847896089,0.010602575932729959
89,1.3350000000000004,2.0,0.09000627495622834,3284.835274658329,1516.7291497937506,3283.9353389662333,7258.61932638705,2.193283356724562,6.797729637577042e-05,0.16210639704861182,0.19143824594947742,50.116787130708396,4785.892934862439,0.010578641210311828
90,1.35,2.0,0.09000632859633417,3284.834676615948,1516.7281156593988,3283.934741210658,7258.614855563783,2.193281477784943,6.797728957099863e-05,0.1621063737633184,0.19143821110308681,50.11681243705346,4839.669060091332,0.010555027043314819
91,1.3650000000000004,2.0,0.09000638210051785,3284.834078574078,1516.7270837976841,3283.934143458311,7258.610393441434,2.1932796014759046,6.797728276619349e-05,0.16210635047791133,0.19143817625688436,50.116837667733904,4893.445223434764,0.010531725647659904
92,1.3800000000000001,2.0,0.09000643547055118,3284.8334805327186,1516.7260541789906,3283.933545709156,7258.605939906623,2.1932777277631823,6.797727596135548e-05,0.16210632719239249,0.191438141410868,50.11686282373604,4947.221424746674,0.010508729511209678
93,1.3950000000000002,2.0,0.09000648870816409,3284.832882491869,1516.7250267744018,3283.932947963158,7258.60149484866,2.1932758566133215,6.797726915648501e-05,0.16210630390676348,0.19143810656503568,50.11688790602288,5000.997663882906,0.010486031381433558
94,1.4100000000000006,2.0,0.09000654181504605,3284.8322844515287,1516.7240015556774,3283.932350220282,7258.597058159416,2.1932739879936425,6.797726235158265e-05,0.16210628062102578,0.19143807171938534,50.116912915534904,5054.773940701149,0.010463624253758318
95,1.4250000000000003,2.0,0.09000659479284745,3284.831686411697,1516.7229784952308,3283.9317524804947,7258.59262973328,2.193272121872227,6.79772555466488e-05,0.162106257335181,0.19143803687391506,50.11693785319082,5108.550255060925,0.010441501360558965
96,1.44,2.0,0.09000664764318088,3284.831088372373,1516.721957566107,3283.9311547437633,7258.588209467071,2.193270258217888,6.797724874168398e-05,0.16210623404923102,0.19143800202862293,50.11696271988832,5162.326606823533,0.010419656160748508
97,1.4550000000000003,2.0,0.0900067003676224,3284.830490333556,1516.7209387419612,3283.930557010055,7258.583797259924,2.1932683970001454,6.797724193668855e-05,0.162106210763177,0.19143796718350706,50.11698751650475,5216.102995852003,0.0103980823299281
98,1.4700000000000004,2.0,0.09000675296771271,3284.829892295246,1516.7199219970405,3283.929959279339,7258.579393013249,2.193266538189199,6.797723513166299e-05,0.16210618747702055,0.19143793233856563,50.11701224389777,5269.879422011051,0.010376773751062022
99,1.485,2.0,0.0900068054449583,3284.8292942574412,1516.718907306163,3283.929361551584,7258.574996630637,2.193264681755912,6.797722832660772e-05,0.16210616419076312,0.1914378974937968,50.11703690290599,5323.655885167057,0.010355724505644452
100,1.5000000000000004,2.0,0.09000685780083253,3284.828696220142,1516.7178946447004,3283.92876382676,7258.570608017811,2.1932628276717905,6.797722152152313e-05,0.16210614090440623,0.19143786264919888,50.1170614943496,5377.432385188019,0.010334928865327431
101,1.5150000000000006,2.0,0.09000691003677673,3284.8280981833473,1516.7168839885608,3283.928166104838,7258.5662270825305,2.1932609759089576,6.797721471640972e-05,0.16210611761795116,0.19143782780477006,50.11708601903093,5431.208921943519,0.010314381283981608
102,1.5299999999999998,2.0,0.09000696215420112,3284.8275001470565,1516.7158753141712,3283.927568385789,7258.561853734547,2.193259126440137,6.797720791126777e-05,0.16210609433139903,0.19143779296050875,50.11711047773503,5484.985495304685,0.010294076390163321
103,1.5450000000000002,2.0,0.09000701415448586,3284.826902111269,1516.7148685984616,3283.926970669585,7258.557487885552,2.1932572792386384,6.797720110609764e-05,0.16210607104475147,0.19143775811641328,50.11713487123018,5538.762105144173,0.01027400897996349
104,1.5600000000000003,2.0,0.09000706603898194,3284.826304075985,1516.7138638188499,3283.9263729561976,7258.553129449084,2.1932554342783317,6.797719430089989e-05,0.16210604775800988,0.191437723272482,50.117159200268425,5592.5387513361175,0.010254174010215467
105,1.5750000000000006,2.0,0.09000711780901202,3284.8257060412025,1516.7128609532265,3283.9257752456006,7258.548778340502,2.193253591533635,6.79771874956747e-05,0.16210602447117517,0.1914376884287134,50.11718346558608,5646.315433756099,0.010234566592040544
106,1.5900000000000003,2.0,0.09000716946587138,3284.8251080069217,1516.7118599799403,3283.925177537767,7258.544434476917,2.193251750979496,6.797718069042253e-05,0.16210600118424887,0.19143765358510587,50.11720766790417,5700.092152281124,0.010215181984711316
107,1.6050000000000004,2.0,0.09000722101082866,3284.8245099731416,1516.7108608777853,3283.924579832671,7258.5400977771515,2.193249912591381,6.797717388514374e-05,0.16210597789723216,0.19143761874165796,50.11723180792892,5753.868906789591,0.010196015589814403
108,1.6200000000000003,2.0,0.09000727244512667,3284.8239119398622,1516.709863625987,3283.9239821302867,7258.5357681616615,2.1932480763452493,6.797716707983863e-05,0.16210595461012603,0.19143758389836812,50.11725588635216,5807.6456971612615,0.01017706294569527
109,1.635,2.0,0.09000732376998319,3284.8233139070826,1516.7088682041895,3283.92338443059,7258.531445552526,2.1932462422175507,6.797716027450763e-05,0.16210593132293186,0.19143754905523494,50.11727990385178,5861.422523277242,0.010158319722169067
110,1.6500000000000001,2.0,0.09000737498659163,3284.8227158748023,1516.707874592444,3283.9227867335558,7258.527129873371,2.193244410185202,6.797715346915095e-05,0.1621059080356507,0.19143751421225702,50.117303861092154,5915.199385019942,0.010139781715482408
111,1.6650000000000005,2.0,0.09000742609612175,3284.822117843021,1516.7068827711971,3283.9221890391605,7258.522821049339,2.1932425802255793,6.797714666376901e-05,0.16210588474828375,0.19143747936943287,50.117327758724414,5968.976282273047,0.010121444843512066
112,1.6800000000000006,2.0,0.09000747709972041,3284.8215198117373,1516.7058927212784,3283.9215913473804,7258.518519007036,2.1932407523165,6.797713985836212e-05,0.162105861460832,0.19143744452676126,50.117351597387014,6022.753214921509,0.010103305141187333
113,1.6950000000000003,2.0,0.09000752799851211,3284.8209217809513,1516.704904423891,3283.9209936581924,7258.514223674509,2.1932389264362167,6.797713305293056e-05,0.16210583817329657,0.19143740968424072,50.11737537770591,6076.5301828515085,0.010085358756123854
114,1.7100000000000002,2.0,0.09000757879359966,3284.8203237506623,1516.7039178606005,3283.920395971574,7258.509934981177,2.1932371025634017,6.797712624747469e-05,0.16210581488567866,0.19143737484186998,50.11739910029502,6130.307185950444,0.010067601944457284
115,1.7250000000000003,2.0,0.09000762948606482,3284.81972572087,1516.7029330133248,3283.9197982875035,7258.5056528578225,2.1932352806771296,6.79771194419947e-05,0.1621057915979791,0.19143733999964777,50.1174227657565,6184.084224106883,0.010050031066866022
116,1.7400000000000007,2.0,0.09000768007696883,3284.8191276915736,1516.7019498643242,3283.919200605959,7258.50137723652,2.1932334607568746,6.797711263649104e-05,0.16210576831019893,0.19143730515757276,50.117446374681144,6237.861297210578,0.010032642584772837
117,1.7550000000000003,2.0,0.09000773056735296,3284.8185296627726,1516.7009683961926,3283.9186029269185,7258.497108050641,2.1932316427824974,6.797710583096386e-05,0.1621057450223392,0.19143727031564375,50.1174699276486,6291.6384051524055,0.010015433056715923
118,1.7700000000000005,2.0,0.09000778095823916,3284.8179316344667,1516.699988591848,3283.9180052503616,7258.492845234788,2.1932298267342345,6.797709902541355e-05,0.16210572173440094,0.19143723547385952,50.11749342522772,6345.4155478243565,0.009998399134880395
119,1.7850000000000001,2.0,0.09000783125063042,3284.817333606655,1516.6990104345243,3283.9174075762676,7258.4885887247765,2.193228012592686,6.79770922198404e-05,0.16210569844638514,0.19143720063221886,50.117516867976875,6399.192725119538,0.00998153756178188
120,1.8,2.0,0.09000788144551136,3284.8167355793375,1516.6980339077622,3283.916809904616,7258.48433845759,2.1932262003388066,6.797708541424462e-05,0.1621056751582926,0.19143716579072062,50.117540256444165,6452.969936932125,0.00996484516709431
121,1.8150000000000002,2.0,0.09000793154384877,3284.8161375525133,1516.6970589954017,3283.9162122353873,7258.480094371368,2.193224389953899,6.79770786086265e-05,0.1621056518701244,0.19143713094936357,50.117563591167766,6506.747183157359,0.009948318864614477
122,1.8300000000000005,2.0,0.09000798154659195,3284.815539526182,1516.6960856815738,3283.915614568562,7258.475856405346,2.1932225814195987,6.79770718029863e-05,0.16210562858188116,0.1914370961081467,50.11758687267615,6560.524463691515,0.009931955649356408
123,1.8450000000000006,2.0,0.09000803145467329,3284.8149415003427,1516.695113950693,3283.915016904121,7258.471624499877,2.1932207747178785,6.79770649973243e-05,0.16210560529356421,0.19143706126706878,50.11761010148832,6614.301778431883,0.009915752594769003
124,1.8600000000000003,2.0,0.09000808126900858,3284.8143434749954,1516.694143787451,3283.9144192420454,7258.467398596337,2.1932189698310203,6.797705819164072e-05,0.1621055820051741,0.19143702642612873,50.11763327811409,6668.0791272767565,0.009899706850070692
125,1.875,2.0,0.09000813099049758,3284.81374545014,1516.6931751768072,3283.913821582317,7258.463178637157,2.1932171667416247,6.797705138593585e-05,0.16210555871671178,0.1914369915853255,50.117656403054326,6721.856510125424,0.009883815637695359
126,1.8900000000000003,2.0,0.09000818062002429,3284.813147425775,1516.692208103985,3283.9132239249166,7258.458964565761,2.193215365432592,6.797704458020998e-05,0.16210553542817827,0.19143695674465805,50.11767947680113,6775.633926878145,0.009868076250844003
127,1.905,2.0,0.09000823015845744,3284.8125494019005,1516.6912425544629,3283.9126262698273,7258.454756326546,2.1932135658871172,6.797703777446325e-05,0.1621055121395739,0.19143692190412534,50.11770249983809,6829.411377436106,0.009852486051136977
128,1.9200000000000004,2.0,0.09000827960665081,3284.811951378516,1516.690278513968,3283.9120286170314,7258.450553864893,2.193211768088692,6.79770309686959e-05,0.16210548885089987,0.19143688706372627,50.11772547264049,6883.188861701447,0.009837042466361875
129,1.9350000000000005,2.0,0.09000832896544364,3284.811353355621,1516.6893159684723,3283.9114309665115,7258.446357127079,2.193209972021081,6.797702416290826e-05,0.16210546556215708,0.1914368522234599,50.11774839567551,6936.966379577213,0.009821742988312523
130,1.9500000000000002,2.0,0.090008378235661,3284.810755333215,1516.6883549041838,3283.9108333182508,7258.442166060315,2.1932081776683274,6.797701735710051e-05,0.1621054422733461,0.19143681738332524,50.11777126940244,6990.7439309673655,0.009806585170714647
131,1.9649999999999999,2.0,0.0900084274181141,3284.8101573112976,1516.6873953075428,3283.910235672233,7258.437980612681,2.1932063850147405,6.797701055127288e-05,0.16210541898446781,0.19143678254332128,50.11779409427286,7044.521515776733,0.009791566627234164
132,1.9800000000000002,2.0,0.0900084765136006,3284.8095592898685,1516.6864371652146,3283.9096380284404,7258.433800733129,2.193204594044891,6.797700374542555e-05,0.16210539569552287,0.1914367477034471,50.1178168707308,7098.2991339110495,0.009776685029564153
133,1.9950000000000006,2.0,0.090008525522905,3284.808961268927,1516.6854804640852,3283.909040386858,7258.4296263714605,2.193202804743608,6.79769969395588e-05,0.16210537240651215,0.19143671286370173,50.117839599212985,7152.076785276871,0.009761938105586863
134,2.0100000000000002,2.0,0.09000857444679897,3284.8083632484727,1516.6845251912564,3283.90844274747,7258.425457478285,2.1932010170959635,6.797699013367287e-05,0.16210534911743638,0.19143667802408426,50.11786228014896,7205.854469781606,0.009747323637607252
135,2.0250000000000004,2.0,0.09000862328604153,3284.807765228505,1516.683571334039,3283.90784511026,7258.421294005035,2.193199231087278,6.797698332776791e-05,0.1621053258282962,0.19143664318459383,50.11788491396128,7259.632187333511,0.009732839460654763
136,2.04,2.0,0.09000867204137951,3284.8071672090236,1516.68261887995,3283.9072474752134,7258.417135903912,2.1931974467031066,6.797697652184413e-05,0.16210530253909233,0.19143660834522944,50.11790750106564,7313.4099378416295,0.009718483460850257
137,2.055,2.0,0.09000872071354768,3284.8065691900283,1516.6816678167063,3283.9066498423144,7258.412983127897,2.193195663929235,6.797696971590175e-05,0.16210527924982554,0.1914365735059903,50.117930041871105,7367.187721215836,0.009704253573835074
138,2.0700000000000003,2.0,0.09000876930326916,3284.805971171518,1516.6807181322197,3283.9060522115487,7258.408835630712,2.19319388275168,6.797696290994099e-05,0.16210525596049652,0.1914365386668755,50.11795253678021,7420.965537366787,0.00969014778325949
139,2.0850000000000004,2.0,0.09000881781125561,3284.8053731534933,1516.6797698145947,3283.9054545829013,7258.404693366816,2.193192103156676,6.797695610396197e-05,0.16210523267110585,0.19143650382788416,50.11797498618908,7474.743386205885,0.009676164119327885
140,2.1000000000000005,2.0,0.09000886623820749,3284.804775135953,1516.6788228521211,3283.904856956358,7258.400556291376,2.1931903251306717,6.7976949297965e-05,0.16210520938165424,0.19143646898901545,50.1179973904877,7528.5212676453475,0.009662300657398069
141,2.115,2.0,0.09000891458481439,3284.804177118897,1516.6778772332727,3283.904259331904,7258.396424360268,2.193188548660333,6.797694249195021e-05,0.16210518609214247,0.1914364341502686,50.11801975005991,7582.299181598116,0.009648555516632462
142,2.13,2.0,0.09000896285175516,3284.8035791023244,1516.6769329467006,3283.9036617095257,7258.392297530039,2.1931867737325264,6.79769356859178e-05,0.16210516280257098,0.19143639931164277,50.1180420652836,7636.077127977871,0.009634926858698776
143,2.145,2.0,0.09000901103969826,3284.8029810862354,1516.6759899812312,3283.9030640892092,7258.388175757922,2.193185000334325,6.797692887986796e-05,0.16210513951294062,0.1914363644731371,50.118064336530914,7689.85510669904,0.009621412886518084
144,2.1600000000000006,2.0,0.09000905914930193,3284.8023830706293,1516.675048325861,3283.9024664709414,7258.38405900178,2.193183228452994,6.797692207380087e-05,0.16210511622325172,0.19143632963475085,50.11808656416825,7743.633117676749,0.00960801184305823
145,2.1750000000000003,2.0,0.09000910718121444,3284.8017850555057,1516.674107969754,3283.9018688547085,7258.379947220144,2.193181458076,6.797691526771663e-05,0.16210509293350525,0.19143629479648325,50.118108748556494,7797.411160826849,0.009594722010170626
146,2.1900000000000004,2.0,0.09000915513607424,3284.801187040864,1516.6731689022363,3283.9012712404974,7258.3758403721395,2.19317968919099,6.79769084616156e-05,0.16210506964370167,0.19143625995833347,50.11813089005105,7851.189236065878,0.00958154170746859
147,2.205,2.0,0.09000920301451029,3284.8005890267045,1516.6722311127944,3283.900673628295,7258.371738417512,2.193177921785795,6.79769016554978e-05,0.1621050463538415,0.1914362251203008,50.11815298900205,7904.967343311053,0.009568469291245484
148,2.22,2.0,0.0900092508171422,3284.799991013026,1516.671294591071,3283.9000760180884,7258.367641316627,2.193176155848438,6.797689484936345e-05,0.16210502306392552,0.19143619028238454,50.1181750457544,7958.745482480298,0.009555503153430941
149,2.235,2.0,0.09000929854458041,3284.799392999829,1516.6703593268617,3283.8994784098654,7258.363549030398,2.1931743913671053,6.797688804321279e-05,0.162104999773954,0.19143615544458387,50.118197060647915,8012.523653492161,0.009542641720583661
150,2.2500000000000004,2.0,0.09000934619742644,3284.7987949871117,1516.669425310111,3283.8988808036142,7258.359461520348,2.1931726283301676,6.797688123704586e-05,0.1621049764839279,0.19143612060689816,50.118219034017464,8066.30185626588,0.009529883452919158
151,2.2650000000000006,2.0,0.09000939377616417,3284.7981969748753,1516.668492518276,3283.8982831975113,7258.355378699139,2.193170866711231,6.79768744308422e-05,0.16210495319377655,0.19143608576922108,50.11824096611858,8120.080090707268,0.009517226843374435
152,2.2800000000000002,2.0,0.0900107992491661,3284.797598963122,1516.667560858108,3283.8976584073375,7258.351304100717,2.1931691036861847,6.797686801257061e-05,0.16210493123109096,0.1914360493468384,50.119018781474324,8173.98152716649,0.009504641772113463
153,2.295,2.0,0.09001982866112432,3284.7970009446854,1516.6666300840352,3283.896880956815,7258.347254721095,2.19316732642428,6.797686377222988e-05,0.16210491672106797,0.1914360040250632,50.12404052560372,8228.580678149247,0.009491994919755702
154,2.31,1.999939917,0.09004514374447674,3284.7964028864794,1516.665699783462,3283.895777124874,7258.735762920461,2.1932182272528977,6.797686418340598e-05,0.16210491812807148,0.19143593967676045,50.1381278186237,8284.687162904847,0.009479103400269915
155,2.3250000000000006,1.999662933,0.09009071430020454,3284.795804735605,1516.6647694669764,3283.894266692954,7260.541721909396,2.193459408976122,6.797687038053009e-05,0.1621049393340122,0.19143585162555898,50.16349046959515,8342.697303443812,0.009465884175386264
156,2.3400000000000003,1.999160709,0.09015680322812572,3284.795206438067,1516.6638386403615,3283.8923433397204,7263.82131604769,2.193898333210465,6.797688244263798e-05,0.1621049806093441,0.19143573950295423,50.200274803143365,8402.671820851943,0.009452332779999188
157,2.3550000000000004,1.998432905,0.09024352377024901,3284.79460793968,1516.662906806928,3283.8900034473436,7268.579877242112,2.194535565431859,6.7976900410013e-05,0.16210504209191598,0.1914356030980434,50.2485438289508,8464.658037741678,0.009438448269271245
158,2.37,1.9974790270000002,0.09035102512228149,3284.794009186001,1516.661973466199,3283.887242373683,7274.825162604253,2.1953719283199944,6.797692433728687e-05,0.16210512396867705,0.19143544214021116,50.308380563695245,8528.706931291437,0.009424229318250066
159,2.385,1.996298426,0.0904794931139663,3284.7934101222527,1516.661038112568,3283.884054425347,7282.567386178255,2.1964085045801873,6.797695429374929e-05,0.1621052264767361,0.19143525629755917,50.37988840945405,8594.873304691286,0.009409674219013097
160,2.4,1.994890293,0.09062915106700549,3284.792810693256,1516.6601002339207,3283.8804328243223,7291.819285131023,2.1976466439173796,6.797699036374426e-05,0.16210534990471823,0.19143504517496052,50.46319163088892,8663.215977916907,0.009394780876442901
161,2.4150000000000005,1.993253663,0.09080026102164597,3284.792210843351,1516.6591593102107,3283.8763696640995,7302.596135350529,2.1990879627413857,6.797703264721214e-05,0.16210549459461912,0.1914348083115023,50.558436037570125,8733.798016924273,0.009379546798817329
162,2.4300000000000006,1.991387403,0.09099312499924361,3284.791610516322,1516.6582148119803,3283.8718558617556,7314.915881145812,2.2007343586487087,6.797708126028221e-05,0.1621056609438341,0.19143454517769212,50.665789686242384,8806.68697063765,0.00936396909030643
163,2.4450000000000003,1.9892902129999999,0.09120808646709218,3284.7910096553196,1516.6572661988157,3283.8668811023363,7328.799189059795,2.202588014185426,6.797713633596906e-05,0.16210584940754028,0.1914342551722158,50.7854436955889,8881.955132046376,0.009348044442080488
164,2.46,1.986960622,0.09144553215836633,3284.790408202776,1516.6563129177266,3283.8614337720755,7344.269544513972,2.204651405770301,6.797719802501853e-05,0.16210606050159068,0.19143393761804453,50.917613258567734,8959.679839202694,0.009331769119124797
165,2.475,1.984396979,0.09170589405368361,3284.78980610032,1516.6553544014341,3283.855500883952,7361.353392535444,2.2069273178755036,6.79772664968528e-05,0.1621062948057513,0.19143359175809502,51.06253874459907,9039.94379854123,0.009315138947023025
166,2.4900000000000007,1.981597451,0.09198965167869043,3284.789203288692,1516.6543900665592,3283.849067991946,7380.080243769951,2.209418851889783,6.797734194066531e-05,0.16210655296744478,0.19143321675023103,51.22048697753985,9122.835446475538,0.009298149295838757
167,2.5050000000000003,1.978560013,0.09229733466846249,3284.788599707646,1516.6534193116916,3283.842119094427,7400.482846420458,2.2121294430364795,6.797742456665656e-05,0.1621068357059818,0.1914328116616315,51.39175266203729,9208.449345671977,0.009280795062460417
168,2.5200000000000005,1.9752824419999997,0.09262952566569188,3284.7879952958556,1516.6524415153258,3283.8346365246202,7422.597345514115,2.215062874783732,6.797751460743773e-05,0.16210714381736313,0.19143237546240527,51.57665999552238,9296.886623809989,0.009263070650449269
169,2.535,1.9717623089999998,0.09298686362755738,3284.78738999081,1516.6514560336454,3283.826600825828,7446.46347068122,2.218223296160962,6.797761231963312e-05,0.16210747817976445,0.1914319070183167,51.775564507512264,9388.255463753325,0.00924496994636529
170,2.55,1.967996967,0.09337004747634038,3284.7867837287063,1516.650462198133,3283.8179906118194,7472.124767896537,2.221615243917214,6.797771798567241e-05,0.16210783975966878,0.19143140508264744,51.988855090048446,9482.67164022678,0.009226486294417656
171,2.565,1.963983543,0.09377984017421771,3284.786176444334,1516.6494593129885,3283.808782409687,7499.628822823629,2.2252436624670144,6.797783191580731e-05,0.16210822961876892,0.1914308682870356,52.21695626401242,9580.259112610514,0.009207612468419802
172,2.5800000000000005,1.9597189239999997,0.0942170733330741,3284.785568070954,1516.6484466523211,3283.7989504815923,7529.027545681182,2.2291139307576717,6.797795445039965e-05,0.1621086489217964,0.19143029513108412,52.46033074298289,9681.150686963872,0.009188340639559808
173,2.595,1.9551997469999998,0.09468265245642966,3284.784958540167,1516.6474234570935,3283.7884666218897,7560.377451827903,2.23323188720678,6.797808596252484e-05,0.16210909894543182,0.19142968397053428,52.719482348638714,9785.48875949278,0.009168662338934081
174,2.61,1.95042238,0.09517756267469372,3284.784347781775,1516.6463889317793,3283.777299930869,7593.740030347738,2.2376038647001963,6.797822686086988e-05,0.16210958108822257,0.1914290330040759,52.994959200403734,9893.426129644486,0.00914856841849607
175,2.6250000000000004,1.9453829079999998,0.09570287514983525,3284.7837357236344,1516.6453422406983,3283.7654165594117,7629.182107565936,2.242236723178889,6.797837759299762e-05,0.16211009688175357,0.19142834025846187,53.287357277293964,10005.12690321847,0.009128049007985852
176,2.64,1.940077117,0.09625975447134377,3284.7831222914933,1516.6442825039846,3283.7527794153125,7666.776256856763,2.247137886376594,6.79785386491011e-05,0.16211064800349442,0.19142760357138808,53.59732453106196,10120.767522017613,0.009107093462922418
177,2.655,1.934500471,0.0968494668621031,3284.7825074088196,1516.6432087931353,3283.7393478323493,7706.60129492698,2.252315387665215,6.797871056622295e-05,0.16211123629124086,0.19142682057220187,53.92556544959456,10240.537904944642,0.009085690308658228
178,2.6700000000000004,1.928648089,0.09747338928334907,3284.781890996615,1516.6421201260837,3283.7250771969266,7748.742821054044,2.257777918971116,6.797889393300368e-05,0.16211186375936293,0.19142598866013685,54.27284612010253,10364.642713300012,0.009063827180356915
179,2.6850000000000005,1.922514724,0.09813301990580024,3284.7812729732127,1516.6410154617267,3283.7099185182383,7793.293789854739,2.2635348812199827,6.797908939513921e-05,0.16211253261748304,0.19142510497925563,54.64000005197613,10493.302793798095,0.009041490752016343
180,2.7,1.9160947329999998,0.09882998988963056,3284.780653254058,1516.6398936938292,3283.693817938493,7840.355203472588,2.2695964470361263,6.797929766158473e-05,0.16211324529170637,0.19142416638989793,55.02793472725167,10626.756798709845,0.009018666657978467
181,2.715,1.909382044,0.09956607665049765,3284.7800317514684,1516.6387536442094,3283.6767161737007,7890.036889564439,2.2759736307657636,6.797951951161563e-05,0.16211400444878551,0.19142316943608126,55.43763897715871,10765.263007564903,0.008995339406224484
182,2.73,1.902370127,0.10034321909108888,3284.779408374372,1516.6375940551002,3283.658547867678,7942.458322198699,2.2826783597623916,6.797975580296585e-05,0.16211481302397235,0.19142211030784234,55.87019145141417,10909.101408467444,0.008971492277781302
183,2.7450000000000006,1.895051948,0.10116353479322013,3284.7787830280213,1516.636413580555,3283.6392408512543,7997.749652410702,2.2897235676583527,6.798000748112868e-05,0.16211567425284687,0.1914209847980522,56.326770177246836,11058.576046443288,0.00894710721604264
184,2.7600000000000002,1.88741993,0.10202933961409234,3284.7781556136765,1516.6352107847533,3283.618715437495,8056.0527848690745,2.297123287788094,6.79802755917803e-05,0.16211659171383475,0.19141978826133108,56.80866345606069,11214.017695878312,0.00892216470213961
185,2.775,1.8794659029999998,0.10294241511032791,3284.777526028256,1516.633984226039,3283.5969028114514,8117.522648582625,2.3048927671728863,6.798056107049102e-05,0.1621175686086131,0.19141851668608553,57.31686212657126,11375.703618839996,0.008896656642371267
186,2.7900000000000005,1.871181048,0.1038966996686478,3284.7768941676713,1516.632732646426,3283.573920046012,8182.3286241015585,2.3130486123922736,6.798086239477122e-05,0.16211859972750473,0.1914171768971238,57.84799165113822,11543.04527068841,0.008870710450482287
187,2.805,1.8625833020000002,0.10487706644472405,3284.776259962183,1516.631455112228,3283.550104860155,8250.437181993764,2.321581547910567,6.798117503065536e-05,0.16211966955565418,0.19141578858190056,58.39363215788288,11714.428825090174,0.008844601287987948
188,2.82,1.8539230480000002,0.10587337686230842,3284.775623383548,1516.630150898821,3283.525685009942,8319.936626730212,2.3302484344767316,6.798149588428257e-05,0.16212076750612242,0.19141436501754128,58.9481403729509,11888.763843723826,0.008818508611503897
189,2.8350000000000004,1.8452627939999997,0.1068841329535074,3284.7749844117066,1516.6288193000005,3283.5006860978847,8390.351030792839,2.338988408456619,6.798182460491514e-05,0.16212189237881217,0.19141290769655392,59.51068224116982,12065.90964796756,0.008792461384933165
190,2.8500000000000005,1.83660254,0.10790962050210624,3284.7743430263345,1516.6274595871178,3283.4750910747534,8461.696818424387,2.3478024317833857,6.798216142350718e-05,0.16212304496415933,0.1914114156250472,60.0814164831151,12245.924077215781,0.0087664582919905
191,2.865,1.827942286,0.10895013257191376,3284.773699206838,1516.6260710082406,3283.4488822939766,8533.990788040626,2.35669148361371,6.798250657904319e-05,0.16212422608008614,0.19140988777430765,60.66050585435226,12428.866460681822,0.008740498025780481
192,2.88,1.819282032,0.11000596973751309,3284.7730529323494,1516.6246527872822,3283.4220414872098,8607.25012257947,2.3656565607177695,6.798286031886281e-05,0.16212543657311537,0.19140832307937525,61.24811727297199,12614.797664347434,0.008714579288289823
193,2.895,1.810621778,0.11107744032390811,3284.772404181722,1516.6232041230878,3283.3945497387576,8681.492400187171,2.3746986778798416,6.798322289900164e-05,0.16212667731953517,0.1914067204375524,61.84442195202467,12803.780139691118,0.008688700789882734
194,2.9100000000000006,1.801961524,0.11216486065547579,3284.771752933523,1516.6217241884858,3283.3663874587824,8756.735605254462,2.3838188683099295,6.798359458454782e-05,0.16212794922662008,0.19140507870684215,62.44959553707912,12995.877974275476,0.0086628612487987
195,2.9250000000000003,1.79330127,0.11326855531465631,3284.7710991660333,1516.6202121292936,3283.337534355233,8832.998139815716,2.393018184066731,6.798397565001496e-05,0.1621292532339088,0.19140339670431178,63.06381824914249,13191.156944277704,0.008637059390652135
196,2.94,1.784641016,0.11438885741083701,3284.770442857236,1516.618667063282,3283.307969404427,8910.298835324933,2.402297696492318,6.798436637973344e-05,0.16213059031454288,0.19140167320437773,63.687275033191334,13389.684569051735,0.008611293947933337
197,2.9550000000000005,1.7759807619999999,0.11552610885991099,3284.7697839848156,1516.6170880790937,3283.2776708202096,8988.656964822861,2.4116584966589003,6.798476706825998e-05,0.16213196147666922,0.191399906937008,64.32015571257746,13591.530167815767,0.00858556365951008
198,2.97,1.767320508,0.11668066067501817,3284.76912252615,1516.6154742351132,3283.2466160216145,9068.092255510337,2.421101695828101,6.798517802080695e-05,0.16213336776491014,0.19139809658583662,64.96265514958671,13796.764918563247,0.008559867270129343
199,2.985,1.758660254,0.117852873269005,3284.768458458306,1516.6138245582852,3283.2147815989365,9148.624901743404,2.430628425923106,6.798559955369282e-05,0.16213481026190538,0.19139624078618606,65.61497341244477,14005.461919301522,0.008534203529918455
200,3.0000000000000004,1.75,0.1190431167691693,3284.767791758033,1516.61213804288,3283.1821432781353,9230.275578466437,2.4402398400141205,6.79860319948141e-05,0.16213629008992797,0.19139433812299192,66.27731594907983,14217.696251727284,0.008508571193885098
201,3.0150000000000006,1.741339746,0.12025177134488928,3284.767122401757,1516.6104136492054,3283.14867588347,9313.065455100503,2.4499371128176004,6.798647568414075e-05,0.16213780841258063,0.191392387128625,66.94989376797065,14433.545047454692,0.008482969021415513
202,3.0300000000000002,1.732679492,0.12147922754876989,3284.766450365575,1516.608650302256,3283.1143532982665,9397.016209904503,2.4597214412096573,6.798693097423593e-05,0.16213936643657467,0.1913903862806039,67.63292362642642,14653.087556918183,0.008457395775770192
203,3.045,1.724019238,0.12272588667197679,3284.7657756252474,1516.606846890303,3283.0791484237093,9482.150044827875,2.469594044754177,6.798739823080151e-05,0.1621409654135989,0.19138833399919303,68.3266282266652,14876.405221078629,0.008431850223576473
204,3.060000000000001,1.715358984,0.12399216111446745,3284.7650981561933,1516.605002263417,3283.043033135546,9568.489700874043,2.479556166246059,6.798787783325128e-05,0.16214260664228114,0.19138622864487845,69.03123642007972,15103.58174606944,0.00840633113431725
205,3.0750000000000006,1.70669873,0.12527847477087056,3284.7644179334825,1516.6031152319256,3283.0059782385815,9656.058473995034,2.489609072270161,6.798837017531241e-05,0.16214429147024864,0.19138406851571538,69.74698342010073,15334.703180926364,0.008380837279815126
206,3.0900000000000003,1.698038476,0.12658526343281018,3284.7637349318297,1516.6011845647938,3282.9679534188335,9744.880231538295,2.4997540537764116,6.798887566565827e-05,0.16214602129629346,0.19138185184453874,70.47411102409433,15569.857998553596,0.00835536743371124
207,3.1050000000000004,1.6893782220000002,0.1279129752085189,3284.7630491255877,1516.599208987932,3282.928927193209,9834.979429267969,2.509992426671684,6.798939472857279e-05,0.16214779757264905,0.1913795767960297,71.21286784475437,15809.137180087377,0.008329920370937972
208,3.1200000000000006,1.6807179679999997,0.12926207096063533,3284.7623604887394,1516.597187182422,3282.8888668565573,9926.381128983625,2.5203255324289557,6.798992780464941e-05,0.1621496218073826,0.19137724146362942,71.96350955147958,16052.634302827802,0.008304494867184787
209,3.1350000000000002,1.672057714,0.1306330247631367,3284.7616689948914,1516.5951177826594,3282.8477384259418,10019.111016760697,2.530754738714373,6.799047535152666e-05,0.16215149556691302,0.19137484386628964,72.72629912225507,16300.445631919949,0.008279089698356267
210,3.15,1.66339746,0.13202632437841585,3284.7609746172657,1516.5929993744053,3282.80550658196,10113.19542183796,2.541281440032818,6.799103784466114e-05,0.16215342047866008,0.19137238194505257,73.50150710658966,16552.670215975962,0.008253703640021549
211,3.1650000000000005,1.654737206,0.13344247175557525,3284.760277328694,1516.5908304927443,3282.7621346069222,10208.661336178378,2.551907058392602,6.799161577814216e-05,0.16215539823383154,0.1913698535594467,74.28941190009469,16809.40998684158,0.008228335466854208
212,3.1800000000000006,1.646076952,0.13488198359251924,3284.759577101607,1516.5886096199436,3282.7175843184596,10305.53643473136,2.562633043989794,6.799220966556647e-05,0.16215743059041995,0.19136725648361644,75.0903000543835,17070.76986895345,0.008202983951558912
213,3.1950000000000003,1.637416698,0.13634539180028246,3284.7588739080297,1516.5863351832081,3282.6718160033315,10403.84909642459,2.573460875913509,6.799282004090944e-05,0.16215951937618528,0.19136458840246348,75.90446653239133,17336.85787804628,0.008177647865279726
214,3.21,1.6287564430000003,0.13783324402318947,3284.7581677195703,1516.584005552324,3282.6247883465567,10503.628437524176,2.584392064141595,6.799344745945405e-05,0.16216166649183683,0.19136184690751548,76.73221499455985,17607.785228357407,0.008152325977549823
215,3.2250000000000005,1.6200961889999999,0.1393461044029142,3284.757458507414,1516.5816190371836,3282.5764583497853,10604.904287923186,2.595428145222796,6.799409249886534e-05,0.16216387391471246,0.1913590294921674,77.57385822049903,17883.66647260576,0.00812701705364833
216,3.2400000000000007,1.6114359349999998,0.14088455416622786,3284.756746242313,1516.579173885186,3282.5267812517345,10707.707283639382,2.6065706906273807,6.799475576023612e-05,0.16216614370235824,0.1913561335470435,78.42971843232336,18164.61962170317,0.008101719854449194
217,3.2550000000000003,1.602775681,0.14244919218815094,3284.756030894579,1516.5766682785084,3282.475710445856,10812.068845130283,2.6178213025005346,6.79954378691644e-05,0.16216847799622125,0.19135315635519745,79.30012760406002,18450.766263046185,0.008076433136826692
218,3.2700000000000005,1.594115427,0.14404063571823353,3284.755312434072,1516.5741003312394,3282.423197389064,10918.02121385776,2.6291816157380405,6.799613947695126e-05,0.16217087902574878,0.19135009508679188,80.18542786154477,18742.231701616,0.008051155652483348
219,3.285,1.585455173,0.14565952109649752,3284.754590830193,1516.571468086364,3282.369191506696,11025.597478350814,2.64065329882997,6.799686126184485e-05,0.1621733491126507,0.1913469467935577,81.08597187627866,19039.14510192368,0.008025886147273972
220,3.3000000000000003,1.576794919,0.14730650450399876,3284.7538660518744,1516.5687695125941,3282.3136400920266,11134.831601243546,2.65223805473042,6.799760393035538e-05,0.16217589067540258,0.1913437084029366,82.00212327823655,19341.63963661456,0.008000623360509312
221,3.315,1.568134665,0.1489822627500454,3284.7531380675687,1516.5660025010347,3282.256488199973,11245.758447330594,2.6639376217542043,6.79983682186452e-05,0.16217850623400565,0.19134037671188428,82.93425708873549,19649.852642110578,0.007975366024237686
222,3.3300000000000005,1.559474411,0.15068749409825008,3284.75240684524,1516.563164861674,3282.197678534605,11358.413812684164,2.6757537745015205,6.799915489399793e-05,0.1621811984150202,0.19133694838031295,83.8827601745496,19963.925781693808,0.007950112862502995
223,3.3450000000000006,1.550814157,0.15242291913374995,3284.751672352353,1516.5602543196908,3282.13715133004,11472.834454878757,2.6876883248114867,6.799996475637335e-05,0.16218396995688888,0.191333419924148,84.84803172454077,20284.005216463614,0.007924862590577222
224,3.3600000000000003,1.542153903,0.15418928167409388,3284.750934555863,1516.5572685115646,3282.0748442242693,11589.05812437266,2.69974312274571,6.800079864005239e-05,0.16218682371557278,0.19132978770797268,85.83048375016618,20610.241784628473,0.007899613914165531
225,3.375,1.5334936490000002,0.15598734972647865,3284.750193422204,1516.554204980977,3282.010692125433,11707.123597096732,2.7119200576028546,6.800165741537957e-05,0.16218976267051827,0.19132604793723249,86.83054161132038,20942.79118962695,0.007874365528581903
226,3.39,1.5248333949999997,0.15781791649421242,3284.749448917279,1516.551061174492,3281.944627070016,11827.07070830455,2.7242210589654006,6.800254199060817e-05,0.1621927899309785,0.19132219664996883,87.84864456907766,21281.814197606225,0.007849116117893117
227,3.4050000000000002,1.5161731409999997,0.1596818014354972,3284.748701006447,1516.5478344370033,3281.8765780723998,11948.94038773981,2.7366480977797223,6.800345331385731e-05,0.1621959087427149,0.19131822970804832,88.88524636701494,21627.476844825796,0.007823864354028659
228,3.4200000000000004,1.507512887,0.1615798513778541,3284.7479496545125,1516.54452200693,3281.8064709651526,12072.774696180448,2.7492031874706977,6.800439237518587e-05,0.16219912249510265,0.19131414278785258,89.94081584292152,21979.950655593806,0.0077986088958541065
229,3.4350000000000005,1.498852633,0.16351294169176797,3284.747194825713,1516.541121011146,3281.7342282294,12198.616863421514,2.7618883850921354,6.80053602087938e-05,0.16220243472867144,0.19130993137038974,91.0158375728384,22339.412871389253,0.00777334838820518
230,3.45,1.490192379,0.16548197752740326,3284.746436483707,1516.5376284596293,3281.6597688145525,12326.511327762011,2.7747057925142538,6.800635789535947e-05,0.16220584914310984,0.19130559073078515,92.11081254951863,22706.046691870946,0.007748081460879602
231,3.4650000000000003,1.481532125,0.16748789511854253,3284.7456745915597,1516.5340412398089,3281.583007946617,12456.503777064734,2.7876575576496583,6.800738656452113e-05,0.1622093696057687,0.191301115927107,93.22625889756263,23080.041528527887,0.0077228067275835425
232,3.48,1.472871871,0.16953166315822643,3284.7449091117323,1516.5303561105907,3281.5038569242415,12588.641191461062,2.800745875719137,6.800844739751537e-05,0.1622130001606974,0.1912965017884766,94.36271262765844,23461.593271781825,0.0076975227848293075
233,3.495,1.464211617,0.17161428425093173,3284.744140006067,1516.5265696960444,3281.422222901585,12722.97188777698,2.813972990558795,6.800954162998254e-05,0.16221674503825576,0.19129174290241077,95.52072843255074,23850.904572417163,0.007672228210780533
234,3.5100000000000007,1.4555513630000003,0.17373679644651482,3284.7433672357733,1516.522678478722,3281.338008657007,12859.54556576016,2.827341195970003,6.801067055495134e-05,0.16222060866533797,0.19128683360133736,96.70088052757319,24248.185138279623,0.0076469215640409954
235,3.5250000000000004,1.4468911089999998,0.17590027486157664,3284.7425907614147,1516.518678792592,3281.2511123465006,12998.413356192648,2.84085283711377,6.801183552601705e-05,0.16222459567626207,0.19128176794822166,97.90376353880983,24653.652047261963,0.007621601382382641
236,3.54,1.438230855,0.17810583339437364,3284.7418105428924,1516.5145668155556,3281.1614272406905,13139.627870977487,2.8545103119511235,6.80130379607272e-05,0.16222871092436822,0.1912765397212346,99.12999344220454,25067.53007767488,0.007596266181408262
237,3.555,1.429570601,0.18035462653991605,3284.7410265394324,1516.5103385615182,3281.0688414440706,13283.243255293155,2.8683160727312482,6.801427934419036e-05,0.1622329594943838,0.19127114239738555,100.38020855721491,25490.05205719113,0.007570914453143744
238,3.5700000000000003,1.420910347,0.18264785137848336,3284.7402387095685,1516.5059898719892,3280.9732375924254,13429.315241914577,2.8822726275286867,6.801556123296373e-05,0.16223734671574225,0.19126556913488352,101.655070635618,25921.45924097326,0.00754554466401157
239,3.5850000000000004,1.412250093,0.1849867494869076,3284.7394470111267,1516.5015164071776,3280.874492537639,13577.901207802639,2.896382541833002,6.801688525909421e-05,0.16224187817643035,0.19125981275476261,102.9552659060085,26362.001683994407,0.0075201552543315165
240,3.6000000000000005,1.403589838,0.18737260902000666,3284.7386514012096,1516.4969136365426,3280.772477008284,13729.060250679475,2.9106484418502845,6.801825313445838e-05,0.16224655973785787,0.19125386572109646,104.28150621140199,26811.938642298734,0.007494744637263111
241,3.615,1.394929584,0.18980676727455978,3284.737851836179,1516.4921768287584,3280.6670552312407,13882.853180377233,2.9250730095814754,6.801966665560607e-05,0.16225139755145412,0.19124772011893992,105.63453041344292,27271.539048349947,0.0074693111948553005
242,3.6300000000000003,1.38626933,0.19229061307250994,3284.7370482716383,1516.4873010410531,3280.558084540752,14039.34268764225,2.939658994475496,6.802112770875428e-05,0.1622563980757812,0.191241367631539,107.0151056943231,27741.081967018057,0.00744385327669707
243,3.645,1.377609076,0.19482558920894127,3284.736240662416,1516.4822811078866,3280.4454149630724,14198.593341442787,2.9544092086628035,6.802263827507656e-05,0.1622615680946584,0.1912347995161178,108.42402889276562,28220.857066642402,0.007418369199089289
244,3.6599999999999997,1.3689488220000001,0.19741319527901657,3284.7354289625455,1516.4771116289062,3280.3288887612434,14360.671675983034,2.969326530470704,6.802420043649887e-05,0.1622669147370241,0.19122800657734101,109.86212804851831,28711.165150624918,0.007392857242401373
245,3.6750000000000007,1.360288568,0.20005499061528964,3284.734613125248,1516.471786956129,3280.2083399493717,14525.646263434706,2.984413906361869,6.802581638187112e-05,0.1622724454980862,0.19122097913899852,111.33026400584878,29212.31871180172,0.007367315648855212
246,3.6900000000000004,1.351628314,0.2027525974188603,3284.7337931029115,1516.4663011802973,3280.0835937705483,14693.587789844403,2.9996743529387646,6.802748841359035e-05,0.16227816826201974,0.19121370701357057,112.82933212220676,29724.64252190234,0.007341742620166969
247,3.705,1.34296806,0.20550770410022628,3284.7329688470727,1516.4606481163353,3279.9544661351856,14864.569134376588,3.0151109590162783,6.802921895471322e-05,0.16228409132634264,0.1912061794694854,114.36026409060882,30248.474258858376,0.007316136315034589
248,3.72,1.334307806,0.2083220688472495,3284.7321403083947,1516.4548212878476,3279.820763016214,15038.665452061625,3.0307268877650144,6.803101055660066e-05,0.1622902234281178,0.191198385195862,115.92402988513929,30784.1651749881,0.0072904948464575375
249,3.7350000000000003,1.325647552,0.21119752343939893,3284.7313074366466,1516.4488139105774,3279.6822797972036,15215.954260227423,3.046525378927648,6.803286590714301e-05,0.16229657377214338,0.1911903122645086,117.52163983989938,31332.080809376734,0.007264816278873985
250,3.75,1.316987298,0.21413597732938427,3284.7304701806816,1516.4426188747443,3279.538800569054,15396.515528804377,3.0625097511109534,6.803478783961632e-05,0.16230315206130913,0.19118194808892303,119.15414687278285,31892.601748099896,0.007239098625099074
251,3.765,1.308327044,0.21713942201547787,3284.729628488414,1516.436228726173,3279.3900973704267,15580.431774703526,3.078683404156012,6.803677934222842e-05,0.16230996852931748,0.19117327938001327,120.82264886662905,32466.124436304533,0.007213339843046213
252,3.7800000000000002,1.2996667900000003,0.2202099357302744,3284.7287823067977,1516.4296356461132,3279.2359293665554,15767.7881604804,3.0950498215892743,6.803884356841754e-05,0.1623170339759871,0.19116429209822608,122.52829122161918,33053.06204657071,0.007187537832211364
253,3.7950000000000004,1.2910065359999998,0.2233496884743935,3284.7279315818,1516.4228314296436,3279.0760419604662,15958.672597508741,3.111612573157081,6.804098384797524e-05,0.16232435980538132,0.19115497140173496,124.27226959425842,33653.8454084369,0.00716169042989817
254,3.81,1.2823462819999998,0.2265609474267324,3284.7270762583785,1516.4158074625411,3278.910165829973,16153.17585390232,3.1283753174463484,6.804320369907132e-05,0.16233195806703196,0.1911453015903019,126.05583283995064,34268.92400448891,0.0071357954071592225
255,3.825,1.273686028,0.22984608276637766,3284.726216280456,1516.4085546964875,3278.738015883021,16351.391667436981,3.1453418045941084,6.804550684126761e-05,0.1623398415005553,0.1911352660443782,127.88028617804662,34898.76703899159,0.007109850464426048
256,3.8400000000000007,1.265025774,0.23320757394524222,3284.7253515908924,1516.4010636224673,3278.559290123097,16553.41686374013,3.1625158790885366,6.8047897209619e-05,0.16234802358399592,0.1911248471589636,129.7469946003681,35543.86458569912,0.007083853226797244
257,3.8550000000000004,1.25636552,0.2366480164549817,3284.7244821314607,1516.3933242422024,3278.373668415415,16759.351480031448,3.179901482664151,6.805037896996873e-05,0.1623565185862697,0.1911140262716803,131.65738654661095,36204.72882221938,0.007057801238950545
258,3.8700000000000006,1.247705266,0.24017012913683464,3284.7236078428173,1516.3853260374499,3278.180811143461,16969.29889471545,3.1975026572937333,6.805295653556009e-05,0.16236534162412103,0.19110278358445587,133.6129578727558,36881.895359147304,0.007031691959640617
259,3.8850000000000002,1.239045012,0.24377676208882793,3284.722728664473,1516.3770579369689,3277.980357744178,17183.365963145538,3.2153235482794793,6.805563458509932e-05,0.16237450872406,0.19109109807813118,135.6152761417157,37575.924673133515,0.007005522755739671
260,3.9000000000000004,1.230384758,0.24747090523140156,3284.721844534765,1516.3685082809454,3277.7719251085896,17401.663159898384,3.2333684074457585,6.805841808242264e-05,0.1623840368898038,0.19107894741922443,137.66598526898565,38287.403654138936,0.0069792908957727225
261,3.915,1.221724504,0.2512556976000658,3284.7209553908256,1516.3596647826416,3277.555105832961,17624.304727918836,3.251641596435578,6.806131229793825e-05,0.162393944175806,0.19106630785798162,139.76681056010048,39016.94727836121,0.006952993542893226
262,3.9299999999999997,1.21306425,0.25513443744237024,3284.7200611685516,1516.3505144870044,3277.329466303623,17851.4088349183,3.2701475901128214,6.806432283203503e-05,0.16240424976753803,0.19105315411673082,141.9195641813375,39765.200419732515,0.006926627747237841
263,3.9450000000000003,1.204403996,0.25911059320642543,3284.719161802571,1516.3410437259454,3277.094544596331,18083.097737433218,3.288890980071812,6.80674556406771e-05,0.16241497406926875,0.19103945926742436,144.1261511104212,40532.83981450782,0.0069001904375911045
264,3.9600000000000004,1.195743742,0.2631878155196936,3284.7182572262095,1516.3312380699626,3276.849848168283,18319.497952976064,3.3078764782553933,6.807071706342736e-05,0.16242613880018042,0.19102519459709433,146.3885756201122,41320.5761953254,0.006873678412281455
265,3.975,1.187083488,0.2673699503905277,3284.7173473714574,1516.3210822757503,3276.5948513109224,18560.740440742124,3.327108920681304,6.80741138542814e-05,0.16243776710013114,0.19101032945936267,148.70894842150253,42129.15663205321,0.006847088328608772
266,3.99,1.178423234,0.2716610532908686,3284.716432168934,1516.310560229393,3276.3289923638567,18806.960791353453,3.3465932712813564,6.807765321525322e-05,0.16244988364486143,0.19099483111202553,151.08949427499445,42959.36702752981,0.006820416693115542
267,4.005,1.169762979,0.27606540468916757,3284.715511547849,1516.2996548846895,3276.0516706314443,19058.299455493005,3.3663346281509763,6.808134283338196e-05,0.1624625147729451,0.19097866453730447,153.5325603818767,43812.03485732967,0.006793659850276939
268,4.0200000000000005,1.161102725,0.2805875277705327,3284.7145854359687,1516.288348196062,3275.7622429287353,19314.90183665465,3.386338218419205,6.808519092208292e-05,0.16247568862764603,0.19096179224049098,156.04062596193597,44688.03227094543,0.006766813966812203
269,4.035,1.152442471,0.28523220730124815,3284.7136537595734,1516.2766210455088,3275.460019790653,19576.91868541117,3.406609416128084,6.808920626630896e-05,0.16248943531186238,0.19094417402895897,158.6163124347085,45588.279393082135,0.00673987501766851
270,4.050000000000001,1.143782217,0.2900045102691852,3284.71271644342,1516.2644531629564,3275.1442612697783,19844.5062154013,3.4271537373754226,6.809339827235847e-05,0.16250378705901977,0.1909257667671953,161.2623945503448,46513.74792403156,0.006712838771206801
271,4.065,1.135121963,0.29490980912244663,3284.7117734107,1516.2518230392523,3274.8141722285504,20117.826375555218,3.4479768469368937,6.809777702345426e-05,0.16251877842378135,0.19090652410235678,163.98181292093298,47465.465170128824,0.006685700770721403
272,4.08,1.126461709,0.2999538073767024,3284.7108245829963,1516.238707830968,3274.468897091777,20397.04710631962,3.4690845627031495,6.81023533413795e-05,0.16253444649354865,0.19088639615836572,166.77768781883796,48444.5184698901,0.00665845631461297
273,4.095,1.117801455,0.30514256805851214,3284.7098698802406,1516.2250832560585,3274.107513973016,20682.34260937602,3.490482860191614,6.810713885510979e-05,0.16255083112399135,0.19086532919350518,169.6533344940636,49452.06009070257,0.006631100434307789
274,4.11,1.109141201,0.31048254538114844,3284.708909220669,1516.210923479286,3273.729028082878,20973.893631666164,3.5121778771184755,6.811214607741487e-05,0.16256797520194255,0.19084326521615347,172.61228022208368,50489.312659981566,0.006603627869601957
275,4.125,1.100480947,0.31598062011703293,3284.707942520774,1516.1962009861638,3273.3323643110007,21271.88776459329,3.5341759180122363,6.81173884905653e-05,0.16258592493956187,0.19082014155234764,175.65828332951529,51557.575205390036,0.006576033041053586
276,4.140000000000001,1.091820693,0.3216441392121959,3284.70696969526,1516.1808864439777,3272.9163588537613,21576.519759325776,3.5564834588450656,6.812288064247173e-05,0.16260473020433072,0.19079589035771768,178.79535448819863,52658.229891528106,0.006548310018979288
277,4.155,1.083160439,0.327480960286415,3284.7059906569916,1516.1649485482292,3272.479749735816,21887.991859190395,3.579107151651718,6.812863825481999e-05,0.16262444489024974,0.1907704380649362,182.0277806204172,53792.74955594885,0.00652045248853047
278,4.170000000000001,1.074500185,0.3334995017819964,3284.7050053169455,1516.1483538525815,3272.021166044298,22206.514150208608,3.602053829097922,6.813467834504678e-05,0.16264512733657788,0.19074370475612193,185.36015182131786,54962.706166068136,0.0064924537102266245
279,4.1850000000000005,1.065839931,0.33970879966982537,3284.7040135841594,1516.131066580069,3271.539115658516,22532.304930896455,3.6253305089499706,6.814101936434116e-05,0.16266684080162347,0.19071560344753785,188.79739178186765,56169.7803413293,0.006464306475202727
280,4.2,1.057179677,0.34611857180013206,3284.7030153656797,1516.1130484129635,3271.031971213525,22865.591102522736,3.6489443983850958,6.814768135427597e-05,0.1626896540005401,0.19068603927133237,192.34479229050515,57415.7721128927,0.006436003054280238
281,4.215000000000001,1.048519423,0.3527392912062349,3284.702010566507,1516.0942582582322,3270.497953980628,23206.60858109309,3.6729028980661504,6.815468612518287e-05,0.16271364171782465,0.1906549085358469,196.00805250867973,58702.61312750363,0.006407535139788633
282,4.23,1.039859169,0.3595822699439026,3284.700999089544,1516.0746519849765,3269.9351152786057,23555.602732407126,3.6972136058845724,6.816205746001544e-05,0.16273888550739565,0.19062209764197685,199.79332386081603,60032.38054480672,0.006378893778837478
283,4.245,1.031198915,0.3666597553921541,3284.6999808355386,1516.0541821295722,3269.3413149421604,23912.828831612787,3.7218843202500773,6.81698213482257e-05,0.16276547449580325,0.190587481827981,203.70726156094105,61407.31293054226,0.006350069296454791
284,4.26,1.022538661,0.373985041373562,3284.6989557030292,1516.0327975634082,3268.714196263145,24278.552548760235,3.7469230427732576,6.81780062551526e-05,0.1627935063074778,0.19055092370867144,207.75708402693917,62829.82851486352,0.006321051206649095
285,4.275,1.013878407,0.3815725970006209,3284.697923588289,1516.010443117116,3268.0511566781524,24653.050461931478,3.7723379801454926,6.818664343364544e-05,0.16282308813513163,0.19051227156663536,211.95064172348313,64302.54626955853,0.006291828108997533
286,4.29,1.005218153,0.3894382168563021,3284.6968843852687,1515.9870591539086,3267.3493132926887,25036.610599586937,3.7981375449662838,6.819576728619108e-05,0.1628543379837447,0.1904713573424538,216.29649734550117,65828.31036582612,0.006262387567779877
287,4.305000000000001,0.996557899,0.3975991970218957,3284.695837985542,1515.9625810830855,3266.6054620932287,25429.533013819993,3.824330355197089,6.820541578778276e-05,0.16288738612333994,0.19042799425695295,220.80401973208217,67410.21871303159,0.006232715969926137
288,4.32,0.9878976450000001,0.4060745426433004,3284.6947842782497,1515.9369388027394,3265.8160293840897,25832.130386234287,3.850925231826723,6.821563098229613e-05,0.16292237679444943,0.1903819739801988,225.48349452260507,69051.65645902934,0.006202798357066035
289,4.335,0.9792373909999998,0.4148852142754961,3284.6937231500483,1515.9100560581703,3264.9770135680064,26244.728668139094,3.8779311942078927,6.82264595684091e-05,0.16295947022142002,0.1903330632375734,230.34625538380692,70756.33556882643,0.006172618225680128
290,4.3500000000000005,0.970577137,0.4240544223021041,3284.692654485058,1515.8818496991946,3264.08391482631,26667.667756670162,3.9053574523549517,6.823795359536008e-05,0.16299884500336753,0.19028099971045484,235.40484072092113,72528.3419112076,0.006142157287640419
291,4.365,0.961916883,0.4336079817674909,3284.6915781648167,1515.852228815305,3263.1316494635234,27101.30220826262,3.93321339525674,6.825017129484921e-05,0.16304070097324458,0.19022548704290296,240.6731823945169,74372.19174823374,0.006111395180368602
292,4.38,0.953256629,0.4435747423825221,3284.6904940682393,1515.8210937219853,3262.1144447575753,27546.001990493096,3.961508573963964,6.826317808116413e-05,0.16308526263541107,0.19016618871191304,246.1668342066684,76292.8998684992,0.006080309116437813
293,4.3950000000000005,0.944596374,0.45398711561097754,3284.689402071585,1515.7883347638967,3261.0257084781033,28002.153326070144,3.9902526811009493,6.827704776393876e-05,0.1631327833344589,0.19010272042093643,251.90325172853832,78296.0627119739,0.006048873452396426
294,4.41,0.93593612,0.46488172849850734,3284.688302048434,1515.753830890378,3259.857865073967,28470.15930960806,4.019455504199177,6.829186403266357e-05,0.16318355035866636,0.19003464055036973,257.90213912698385,80387.96101002283,0.006017059149860915
295,4.425000000000001,0.927275866,0.47630023996283877,3284.68719386968,1515.7174479448909,3258.602147922035,28950.441088135194,4.049126900036683,6.830772228518377e-05,0.16323789122668958,0.18996143804661975,264.18588171511647,82575.6872972174,0.005984833104529026
296,4.44,0.918615612,0.48829037386987784,3284.686077403544,1515.6790365903928,3257.2483321426657,29443.438546456957,4.079276718267177,6.832473190290127e-05,0.16329618151093825,0.1898825168464817,270.7800928058671,84867.30649015158,0.005952157295921817
297,4.455,0.909955358,0.5009072457863079,3284.6849525156,1515.6384297648697,3255.7843856123145,29949.611273797287,4.10991471768649,6.834301911317321e-05,0.163358854681114,0.18979717553278747,277.71431527507286,87272.06109362718,0.00591898769163219
298,4.47,0.901295104,0.5142150910684461,3284.683819068526,1515.5954448360253,3254.1963055422725,30469.44027997047,4.141050553647532,6.836273411379796e-05,0.16342642656663034,0.18970459780770205,285.02294739758025,89800.64493941485,0.005885272715724104
299,4.485,0.89263485,0.5282192423180021,3284.6826769211825,1515.5498986276893,3252.4771980474593,31003.42871014713,4.172695811694919,6.838395903941896e-05,0.16349917993661386,0.18960438178960176,292.7079263760635,92453.7928447171,0.00585110021983136
300,4.5,0.883974596,0.5427728960538265,3284.681526018043,1515.5016277595428,3250.640223944745,31552.09965188821,4.204866923851492,6.840655205250132e-05,0.16357662992886227,0.18949729469325713,300.6877532080929,95206.6402779233,0.005816865680855471
301,4.515000000000001,0.875485849,0.5576917378356964,3284.6803664828135,1515.4504900332922,3248.7047872926732,32104.674413545075,4.236918167193149,6.843028491669616e-05,0.16365799535549594,0.1893844676855608,308.86057068093805,98027.9467470739,0.005782990810520848
302,4.53,0.867333585,0.5729178030445807,,1515.396346487942,3246.6746944387123,32649.60592707438,4.268180574365586,6.845509805301348e-05,0.16374307308789351,0.18926612265897072,317.1939102118275,100907.58296754042,0.005749601202626907
303,4.545,0.8595085629999999,0.5884702697256017,,,,,,,,0.18914188009397365,325.6975245307155,103848.28208508971,0.005716663381750027
304,4.56,0.852002227,,,,,,,,,0.1890113002089533,,,
305,4.575,0.84480665,,,,,,,,,0.18887386592706518,,,
306,4.59,0.8379144779999999,,,,,,,,,0.18872895936757045,,,
307,4.605,0.8313188799999999,,,,,,,,,,,,
308,4.62,0.8250135140000001,,,,,,,,,,,,
309,4.635,0.818992481,,,,,,,,,,,,
310,4.65,0.8132503,,,,,,,,,,,,
311,4.665,0.807781872,,,,,,,,,,,,
312,4.680000000000001,0.802582457,,,,,,,,,,,,
313,4.695,0.797647649,,,,,,,,,,,,
314,4.71,0.792973355,,,,,,,,,,,,
315,4.725,0.788555774,,,,,,,,,,,,
316,4.74,0.7843913839999999,,,,,,,,,,,,
317,4.755,0.780476921,,,,,,,,,,,,
318,4.7700000000000005,0.776809371,,,,,,,,,,,,
319,4.785,0.773385951,,,,,,,,,,,,
320,4.8,0.770204103,,,,,,,,,,,,
321,4.815,0.767261479,,,,,,,,,,,,
322,4.83,0.764555938,,,,,,,,,,,,
323,4.845000000000001,0.76208553,,,,,,,,,,,,
324,4.86,0.759848496,,,,,,,,,,,,
325,4.875,0.757843258,,,,,,,,,,,,
326,4.89,0.756068413,,,,,,,,,,,,
327,4.905,0.754522728,,,,,,,,,,,,
328,4.92,0.753205136,,,,,,,,,,,,
329,4.935,0.752114736,,,,,,,,,,,,
330,4.95,0.7512507819999998,,,,,,,,,,,,
331,4.965,0.750612688,,,,,,,,,,,,
332,4.9799999999999995,0.75020002,,,,,,,,,,,,
333,5.0,0.7499999999999999,,,,,,,,,,,,
334,5.010000000000001,0.7500500009999999,,,,,,,,,,,,
335,5.025,0.750312549,,,,,,,,,,,,
336,5.04,0.75080032,,,,,,,,,,,,
337,5.055000000000001,0.751513646,,,,,,,,,,,,
338,5.07,0.752453009,,,,,,,,,,,,
339,5.085,0.753619049,,,,,,,,,,,,
340,5.1,0.755012563,,,,,,,,,,,,
341,5.115,0.7566345080000001,,,,,,,,,,,,
342,5.13,0.758486006,,,,,,,,,,,,
343,5.145,0.760568345,,,,,,,,,,,,
344,5.160000000000001,0.762882986,,,,,,,,,,,,
345,5.175000000000001,0.7654315669999999,,,,,,,,,,,,
346,5.19,0.76821591,,,,,,,,,,,,
347,5.205,0.771238027,,,,,,,,,,,,
348,5.220000000000001,0.774500128,,,,,,,,,,,,
349,5.235,0.77800463,,,,,,,,,,,,
350,5.25,0.781754163,,,,,,,,,,,,
351,5.265,0.7857515879999999,,,,,,,,,,,,
352,5.28,0.79,,,,,,,,,,,,
353,5.295,0.794502747,,,,,,,,,,,,
354,5.31,0.799263443,,,,,,,,,,,,
355,5.325000000000001,0.804285984,,,,,,,,,,,,
356,5.340000000000001,0.809551399,,,,,,,,,,,,
357,5.355,0.814860851,,,,,,,,,,,,
358,5.37,0.820167733,,,,,,,,,,,,
359,5.385000000000001,0.825472016,,,,,,,,,,,,
360,5.4,0.830773676,,,,,,,,,,,,
361,5.415,0.836072684,,,,,,,,,,,,
362,5.43,0.841369013,,,,,,,,,,,,
363,5.445,0.8466626350000002,,,,,,,,,,,,
364,5.46,0.851953521,,,,,,,,,,,,
365,5.475,0.8572416430000002,,,,,,,,,,,,
366,5.490000000000001,0.862526971,,,,,,,,,,,,
367,5.505000000000001,0.867809475,,,,,,,,,,,,
368,5.5200000000000005,0.873089124,,,,,,,,,,,,
369,5.535,0.8783658870000001,,,,,,,,,,,,
370,5.550000000000001,0.883639732,,,,,,,,,,,,
371,5.565,0.888910627,,,,,,,,,,,,
372,5.58,0.894178538,,,,,,,,,,,,
373,5.595,0.899443433,,,,,,,,,,,,
374,5.61,0.9047052770000001,,,,,,,,,,,,
375,5.625,0.909964036,,,,,,,,,,,,
376,5.64,0.915219672,,,,,,,,,,,,
377,5.655000000000001,0.9204721520000001,,,,,,,,,,,,
378,5.670000000000001,0.925721437,,,,,,,,,,,,
379,5.6850000000000005,0.930967489,,,,,,,,,,,,
380,5.7,0.936210272,,,,,,,,,,,,
381,5.715000000000001,0.941449744,,,,,,,,,,,,
382,5.73,0.9466858669999999,,,,,,,,,,,,
383,5.745,0.951918599,,,,,,,,,,,,
384,5.76,0.9571479,,,,,,,,,,,,
385,5.775,0.962373726,,,,,,,,,,,,
386,5.79,0.9675960340000002,,,,,,,,,,,,
387,5.805,0.97281478,,,,,,,,,,,,
388,5.820000000000001,0.978029919,,,,,,,,,,,,
389,5.835000000000001,0.983241404,,,,,,,,,,,,
390,5.8500000000000005,0.98844919,,,,,,,,,,,,
391,5.865,0.993653226,,,,,,,,,,,,
392,5.880000000000001,0.998853464,,,,,,,,,,,,
393,5.8950000000000005,1.004049855,,,,,,,,,,,,
394,5.91,1.009242346,,,,,,,,,,,,
395,5.925,1.014430884,,,,,,,,,,,,
396,5.94,1.019615417,,,,,,,,,,,,
397,5.955,1.024795889,,,,,,,,,,,,
398,5.97,1.029972243,,,,,,,,,,,,
399,5.985000000000001,1.035144423,,,,,,,,,,,,
400,6.000000000000001,1.040312369,,,,,,,,,,,,
401,6.015000000000001,1.045476021,,,,,,,,,,,,
402,6.03,1.050635317,,,,,,,,,,,,
403,6.045,1.055790195,,,,,,,,,,,,
404,6.0600000000000005,1.060940588,,,,,,,,,,,,
405,6.075,1.066086431,,,,,,,,,,,,
406,6.09,1.071227655,,,,,,,,,,,,
407,6.105,1.076364192,,,,,,,,,,,,
408,6.12,1.081495968,,,,,,,,,,,,
409,6.135,1.086622912,,,,,,,,,,,,
410,6.1499999999999995,1.091744947,,,,,,,,,,,,
411,6.165000000000001,1.096861996,,,,,,,,,,,,
412,6.180000000000001,1.10197398,,,,,,,,,,,,
413,6.195,1.107080818,,,,,,,,,,,,
414,6.21,1.112182425,,,,,,,,,,,,
415,6.2250000000000005,1.117278716,,,,,,,,,,,,
416,6.24,1.122369603,,,,,,,,,,,,
417,6.255,1.127454994,,,,,,,,,,,,
418,6.2700000000000005,1.132534796,,,,,,,,,,,,
419,6.285,1.137608914,,,,,,,,,,,,
420,6.3,1.142677247,,,,,,,,,,,,
421,6.315000000000001,1.147739696,,,,,,,,,,,,
422,6.330000000000001,1.152796154,,,,,,,,,,,,
423,6.345000000000001,1.157846514,,,,,,,,,,,,
424,6.36,1.162890664,,,,,,,,,,,,
425,6.375,1.167928491,,,,,,,,,,,,
426,6.390000000000001,1.172959875,,,,,,,,,,,,
427,6.405,1.177984696,,,,,,,,,,,,
428,6.42,1.183002826,,,,,,,,,,,,
429,6.4350000000000005,1.188014137,,,,,,,,,,,,
430,6.45,1.193018494,,,,,,,,,,,,
431,6.465,1.198015758,,,,,,,,,,,,
432,6.480000000000001,1.203005787,,,,,,,,,,,,
433,6.495000000000001,1.207988431,,,,,,,,,,,,
434,6.510000000000001,1.212963539,,,,,,,,,,,,
435,6.525,1.21793095,,,,,,,,,,,,
436,6.54,1.222890501,,,,,,,,,,,,
437,6.555000000000001,1.227842022,,,,,,,,,,,,
438,6.57,1.232785336,,,,,,,,,,,,
439,6.585,1.23772026,,,,,,,,,,,,
440,6.6000000000000005,1.242646605,,,,,,,,,,,,
441,6.615,1.247564172,,,,,,,,,,,,
442,6.63,1.2524727570000003,,,,,,,,,,,,
443,6.645000000000001,1.257372148,,,,,,,,,,,,
444,6.659999999999999,1.262262122,,,,,,,,,,,,
445,6.675000000000001,1.2671424489999998,,,,,,,,,,,,
446,6.69,1.272012888,,,,,,,,,,,,
447,6.705,1.276873191,,,,,,,,,,,,
448,6.720000000000001,1.281723095,,,,,,,,,,,,
449,6.735,1.286562328,,,,,,,,,,,,
450,6.75,1.291390606,,,,,,,,,,,,
451,6.765000000000001,1.296207631,,,,,,,,,,,,
452,6.78,1.301013092,,,,,,,,,,,,
453,6.795,1.305806664,,,,,,,,,,,,
454,6.8100000000000005,1.310588005,,,,,,,,,,,,
455,6.825000000000001,1.315356757,,,,,,,,,,,,
456,6.840000000000001,1.320112545,,,,,,,,,,,,
457,6.855,1.324854973,,,,,,,,,,,,
458,6.87,1.329583627,,,,,,,,,,,,
459,6.885000000000001,1.33429807,,,,,,,,,,,,
460,6.9,1.33899784,,,,,,,,,,,,
461,6.915,1.343682451,,,,,,,,,,,,
462,6.930000000000001,1.348351389,,,,,,,,,,,,
463,6.945,1.3530041120000003,,,,,,,,,,,,
464,6.96,1.357640042,,,,,,,,,,,,
465,6.9750000000000005,1.362258571,,,,,,,,,,,,
466,6.99,1.366859048,,,,,,,,,,,,
467,7.005000000000001,1.371440786,,,,,,,,,,,,
468,7.0200000000000005,1.376003048,,,,,,,,,,,,
469,7.035,1.380545051,,,,,,,,,,,,
470,7.050000000000001,1.385065956,,,,,,,,,,,,
471,7.065,1.389564866,,,,,,,,,,,,
472,7.08,1.3940408180000001,,,,,,,,,,,,
473,7.095000000000001,1.398492777,,,,,,,,,,,,
474,7.11,1.402919625,,,,,,,,,,,,
475,7.125,1.407320159,,,,,,,,,,,,
476,7.140000000000001,1.411693073,,,,,,,,,,,,
477,7.154999999999999,1.416036952,,,,,,,,,,,,
478,7.170000000000001,1.4203502530000003,,,,,,,,,,,,
479,7.1850000000000005,1.4246312949999997,,,,,,,,,,,,
480,7.2,1.428878232,,,,,,,,,,,,
481,7.215000000000001,1.433089041,,,,,,,,,,,,
482,7.23,1.4372614859999997,,,,,,,,,,,,
483,7.245,1.441393091,,,,,,,,,,,,
484,7.26,1.4454811050000003,,,,,,,,,,,,
485,7.275,1.449522449,,,,,,,,,,,,
486,7.29,1.453513668,,,,,,,,,,,,
487,7.305000000000001,1.457450853,,,,,,,,,,,,
488,7.319999999999999,1.4613295649999998,,,,,,,,,,,,
489,7.335,1.465144716,,,,,,,,,,,,
490,7.3500000000000005,1.4688904390000002,,,,,,,,,,,,
491,7.365000000000001,1.4725599020000002,,,,,,,,,,,,
492,7.380000000000001,1.476145073,,,,,,,,,,,,
493,7.3950000000000005,1.479636405,,,,,,,,,,,,
494,7.41,1.483022396,,,,,,,,,,,,
495,7.425,1.486288987,,,,,,,,,,,,
496,7.44,1.489418679,,,,,,,,,,,,
497,7.455,1.492389231,,,,,,,,,,,,
498,7.470000000000001,1.495171635,,,,,,,,,,,,
499,7.484999999999999,1.4977268259999998,,,,,,,,,,,,
